{"cameraMode":{"drawMode":0,"name":"Shaded","section":"Shading Mode"},"sceneLighting":true,"audioPlay":false,"sceneViewState":{"m_AlwaysRefresh":false,"showFog":true,"showSkybox":true,"showFlares":true,"showImageEffects":true,"showParticleSystems":true,"showVisualEffectGraphs":true,"m_FxEnabled":true},"in2DMode":false,"pivot":{"x":58.199195861816409,"y":-3.6830577850341799,"z":8.825851440429688},"rotation":{"x":-0.3112926781177521,"y":0.03704564645886421,"z":-0.012175711803138256,"w":-0.949513852596283},"size":11.127673149108887,"orthographic":false}