{"cameraMode":{"drawMode":0,"name":"Shaded","section":"Shading Mode"},"sceneLighting":true,"audioPlay":false,"sceneViewState":{"m_AlwaysRefresh":false,"showFog":true,"showSkybox":true,"showFlares":true,"showImageEffects":true,"showParticleSystems":true,"showVisualEffectGraphs":true,"m_FxEnabled":true},"in2DMode":false,"pivot":{"x":58.32037353515625,"y":14.60289478302002,"z":-18.65161895751953},"rotation":{"x":-0.0362960509955883,"y":0.0011907932348549367,"z":-0.000054437634389614686,"w":-0.9993343353271484},"size":1.0614606142044068,"orthographic":false}