{"cameraMode":{"drawMode":0,"name":"Shaded","section":"Shading Mode"},"sceneLighting":true,"audioPlay":false,"sceneViewState":{"m_AlwaysRefresh":false,"showFog":true,"showSkybox":true,"showFlares":true,"showImageEffects":true,"showParticleSystems":true,"showVisualEffectGraphs":true,"m_FxEnabled":true},"in2DMode":false,"pivot":{"x":57.66496276855469,"y":5.789602756500244,"z":-0.27829310297966006},"rotation":{"x":-0.0003389173361938447,"y":-0.9994526505470276,"z":-0.03118862770497799,"w":0.010506290011107922},"size":1.0614606142044068,"orthographic":false}