{"cameraMode":{"drawMode":0,"name":"Shaded","section":"Shading Mode"},"sceneLighting":true,"audioPlay":false,"sceneViewState":{"m_AlwaysRefresh":false,"showFog":true,"showSkybox":true,"showFlares":true,"showImageEffects":true,"showParticleSystems":true,"showVisualEffectGraphs":true,"m_FxEnabled":true},"in2DMode":false,"pivot":{"x":53.6745491027832,"y":23.52632713317871,"z":77.54788208007813},"rotation":{"x":-0.0038428481202572586,"y":0.9881699085235596,"z":-0.15117627382278443,"w":-0.025216465815901758},"size":0.8660253882408142,"orthographic":false}