{"cameraMode":{"drawMode":0,"name":"Shaded","section":"Shading Mode"},"sceneLighting":true,"audioPlay":false,"sceneViewState":{"m_AlwaysRefresh":false,"showFog":true,"showSkybox":true,"showFlares":true,"showImageEffects":true,"showParticleSystems":true,"showVisualEffectGraphs":true,"m_FxEnabled":true},"in2DMode":false,"pivot":{"x":58.0567626953125,"y":10.289594650268555,"z":-10.130849838256836},"rotation":{"x":-0.05726882815361023,"y":0.011672337539494038,"z":-0.000683871447108686,"w":-0.9982937574386597},"size":1.0614606142044068,"orthographic":false}