{"cameraMode":{"drawMode":0,"name":"Shaded","section":"Shading Mode"},"sceneLighting":true,"audioPlay":false,"sceneViewState":{"m_AlwaysRefresh":false,"showFog":true,"showSkybox":true,"showFlares":true,"showImageEffects":true,"showParticleSystems":true,"showVisualEffectGraphs":true,"m_FxEnabled":true},"in2DMode":false,"pivot":{"x":63.57200241088867,"y":16.928939819335939,"z":-23.03982925415039},"rotation":{"x":-0.16003823280334474,"y":-0.029914194718003274,"z":0.0048400526866316799,"w":-0.9866397380828857},"size":1.109307885169983,"orthographic":false}