{"cameraMode":{"drawMode":0,"name":"Shaded","section":"Shading Mode"},"sceneLighting":true,"audioPlay":false,"sceneViewState":{"m_AlwaysRefresh":false,"showFog":true,"showSkybox":true,"showFlares":true,"showImageEffects":true,"showParticleSystems":true,"showVisualEffectGraphs":true,"m_FxEnabled":true},"in2DMode":false,"pivot":{"x":58.145118713378909,"y":5.8915486335754398,"z":-1.3944051265716553},"rotation":{"x":0.00001203745705424808,"y":-0.9998753666877747,"z":0.015303724445402623,"w":0.001511881360784173},"size":1.0614606142044068,"orthographic":false}